{
  "MT_154": {
    "min": 0.0,
    "max": 78.1414994720169
  },
  "MT_302": {
    "min": 1.00644122383253,
    "max": 279.734299516908
  },
  "MT_099": {
    "min": 0.0,
    "max": 4578.125
  },
  "MT_093": {
    "min": 0.0,
    "max": 286.802030456853
  },
  "MT_163": {
    "min": 0.0,
    "max": 4923.96313364055
  }
}